{
    "bottle": {
        "cm": [
            [
                20,
                0
            ],
            [
                0,
                63
            ]
        ],
        "prfs": [
            1.0,
            1.0,
            1.0,
            null
        ],
        "auc_img": 1.0,
        "auc_pxl": 0.9882534565542086
    },
    "cable": {
        "cm": [
            [
                53,
                5
            ],
            [
                4,
                88
            ]
        ],
        "prfs": [
            0.946236559139785,
            0.9565217391304348,
            0.9513513513513514,
            null
        ],
        "auc_img": 0.9814467766116942,
        "auc_pxl": 0.9798120069966693
    },
    "capsule": {
        "cm": [
            [
                11,
                12
            ],
            [
                1,
                108
            ]
        ],
        "prfs": [
            0.9,
            0.9908256880733946,
            0.9432314410480349,
            null
        ],
        "auc_img": 0.9114479457518947,
        "auc_pxl": 0.9324250921605797
    },
    "carpet": {
        "cm": [
            [
                26,
                2
            ],
            [
                6,
                83
            ]
        ],
        "prfs": [
            0.9764705882352941,
            0.9325842696629213,
            0.9540229885057471,
            null
        ],
        "auc_img": 0.9666934189406099,
        "auc_pxl": 0.9855158732704086
    },
    "grid": {
        "cm": [
            [
                18,
                3
            ],
            [
                1,
                56
            ]
        ],
        "prfs": [
            0.9491525423728814,
            0.9824561403508771,
            0.9655172413793104,
            null
        ],
        "auc_img": 0.9866332497911445,
        "auc_pxl": 0.9723436080355513
    },
    "hazelnut": {
        "cm": [
            [
                40,
                0
            ],
            [
                0,
                70
            ]
        ],
        "prfs": [
            1.0,
            1.0,
            1.0,
            null
        ],
        "auc_img": 1.0,
        "auc_pxl": 0.9926051956192081
    },
    "leather": {
        "cm": [
            [
                32,
                0
            ],
            [
                0,
                92
            ]
        ],
        "prfs": [
            1.0,
            1.0,
            1.0,
            null
        ],
        "auc_img": 1.0,
        "auc_pxl": 0.9951624305049198
    },
    "metal_nut": {
        "cm": [
            [
                22,
                0
            ],
            [
                1,
                92
            ]
        ],
        "prfs": [
            1.0,
            0.989247311827957,
            0.9945945945945946,
            null
        ],
        "auc_img": 0.9980449657869013,
        "auc_pxl": 0.9749536872200721
    },
    "pill": {
        "cm": [
            [
                21,
                5
            ],
            [
                6,
                135
            ]
        ],
        "prfs": [
            0.9642857142857143,
            0.9574468085106383,
            0.9608540925266904,
            null
        ],
        "auc_img": 0.9465357337697763,
        "auc_pxl": 0.9751201006886528
    },
    "screw": {
        "cm": [
            [
                11,
                30
            ],
            [
                7,
                112
            ]
        ],
        "prfs": [
            0.7887323943661971,
            0.9411764705882353,
            0.8582375478927203,
            null
        ],
        "auc_img": 0.7593769215003074,
        "auc_pxl": 0.9338352237250851
    },
    "tile": {
        "cm": [
            [
                32,
                1
            ],
            [
                0,
                84
            ]
        ],
        "prfs": [
            0.9882352941176471,
            1.0,
            0.9940828402366864,
            null
        ],
        "auc_img": 0.9996392496392497,
        "auc_pxl": 0.9663100353648981
    },
    "toothbrush": {
        "cm": [
            [
                9,
                3
            ],
            [
                0,
                30
            ]
        ],
        "prfs": [
            0.9090909090909091,
            1.0,
            0.9523809523809523,
            null
        ],
        "auc_img": 0.9305555555555556,
        "auc_pxl": 0.9867583786169503
    },
    "transistor": {
        "cm": [
            [
                59,
                1
            ],
            [
                4,
                36
            ]
        ],
        "prfs": [
            0.972972972972973,
            0.9,
            0.935064935064935,
            null
        ],
        "auc_img": 0.99125,
        "auc_pxl": 0.9681188584893805
    },
    "wood": {
        "cm": [
            [
                14,
                5
            ],
            [
                0,
                60
            ]
        ],
        "prfs": [
            0.9230769230769231,
            1.0,
            0.96,
            null
        ],
        "auc_img": 0.9815789473684211,
        "auc_pxl": 0.9709507773791896
    },
    "zipper": {
        "cm": [
            [
                21,
                11
            ],
            [
                0,
                119
            ]
        ],
        "prfs": [
            0.9153846153846154,
            1.0,
            0.9558232931726908,
            null
        ],
        "auc_img": 0.9474789915966386,
        "auc_pxl": 0.880190413132323
    },
    "avg_auc_img": 0.9600454504208128,
    "avg_auc_pxl": 0.9668236758505396,
    "misclassified": 108,
    "model_params": {
        "layers": [
            4
        ],
        "backbone": "google/vit-base-patch16-224-in21k",
        "f_coreset": 0.1
    },
    "metric": "euclidean"
}