{
    "bottle": {
        "cm": [
            [
                19,
                1
            ],
            [
                0,
                63
            ]
        ],
        "prfs": [
            0.984375,
            1.0,
            0.9921259842519685,
            null
        ],
        "auc_img": 0.9992063492063492,
        "auc_pxl": 0.9906537814059946
    },
    "cable": {
        "cm": [
            [
                32,
                26
            ],
            [
                9,
                83
            ]
        ],
        "prfs": [
            0.7614678899082569,
            0.9021739130434783,
            0.8258706467661692,
            null
        ],
        "auc_img": 0.8571964017991005,
        "auc_pxl": 0.9368581013780821
    },
    "capsule": {
        "cm": [
            [
                11,
                12
            ],
            [
                2,
                107
            ]
        ],
        "prfs": [
            0.8991596638655462,
            0.981651376146789,
            0.9385964912280702,
            null
        ],
        "auc_img": 0.8392500997207819,
        "auc_pxl": 0.920441677908389
    },
    "carpet": {
        "cm": [
            [
                13,
                15
            ],
            [
                2,
                87
            ]
        ],
        "prfs": [
            0.8529411764705882,
            0.9775280898876404,
            0.9109947643979057,
            null
        ],
        "auc_img": 0.8764044943820225,
        "auc_pxl": 0.9679364477536294
    },
    "grid": {
        "cm": [
            [
                20,
                1
            ],
            [
                2,
                55
            ]
        ],
        "prfs": [
            0.9821428571428571,
            0.9649122807017544,
            0.9734513274336283,
            null
        ],
        "auc_img": 0.9924812030075187,
        "auc_pxl": 0.977934004214036
    },
    "hazelnut": {
        "cm": [
            [
                39,
                1
            ],
            [
                3,
                67
            ]
        ],
        "prfs": [
            0.9852941176470589,
            0.9571428571428572,
            0.9710144927536232,
            null
        ],
        "auc_img": 0.9885714285714285,
        "auc_pxl": 0.983001166780403
    },
    "leather": {
        "cm": [
            [
                32,
                0
            ],
            [
                1,
                91
            ]
        ],
        "prfs": [
            1.0,
            0.9891304347826086,
            0.994535519125683,
            null
        ],
        "auc_img": 1.0,
        "auc_pxl": 0.9947889985817553
    },
    "metal_nut": {
        "cm": [
            [
                18,
                4
            ],
            [
                3,
                90
            ]
        ],
        "prfs": [
            0.9574468085106383,
            0.967741935483871,
            0.9625668449197861,
            null
        ],
        "auc_img": 0.9731182795698924,
        "auc_pxl": 0.9613480371763009
    },
    "pill": {
        "cm": [
            [
                6,
                20
            ],
            [
                3,
                138
            ]
        ],
        "prfs": [
            0.8734177215189873,
            0.9787234042553191,
            0.9230769230769231,
            null
        ],
        "auc_img": 0.9026186579378068,
        "auc_pxl": 0.9459204610496057
    },
    "screw": {
        "cm": [
            [
                10,
                31
            ],
            [
                1,
                118
            ]
        ],
        "prfs": [
            0.7919463087248322,
            0.9915966386554622,
            0.8805970149253731,
            null
        ],
        "auc_img": 0.8376716540274647,
        "auc_pxl": 0.9614139873552832
    },
    "tile": {
        "cm": [
            [
                27,
                6
            ],
            [
                8,
                76
            ]
        ],
        "prfs": [
            0.926829268292683,
            0.9047619047619048,
            0.9156626506024096,
            null
        ],
        "auc_img": 0.9347041847041847,
        "auc_pxl": 0.9092794320091651
    },
    "toothbrush": {
        "cm": [
            [
                9,
                3
            ],
            [
                1,
                29
            ]
        ],
        "prfs": [
            0.90625,
            0.9666666666666667,
            0.9354838709677419,
            null
        ],
        "auc_img": 0.9694444444444443,
        "auc_pxl": 0.9892139386624609
    },
    "transistor": {
        "cm": [
            [
                55,
                5
            ],
            [
                4,
                36
            ]
        ],
        "prfs": [
            0.8780487804878049,
            0.9,
            0.8888888888888888,
            null
        ],
        "auc_img": 0.9633333333333333,
        "auc_pxl": 0.9326849054642194
    },
    "wood": {
        "cm": [
            [
                16,
                3
            ],
            [
                1,
                59
            ]
        ],
        "prfs": [
            0.9516129032258065,
            0.9833333333333333,
            0.9672131147540983,
            null
        ],
        "auc_img": 0.9736842105263158,
        "auc_pxl": 0.9532664265128383
    },
    "zipper": {
        "cm": [
            [
                20,
                12
            ],
            [
                0,
                119
            ]
        ],
        "prfs": [
            0.9083969465648855,
            1.0,
            0.952,
            null
        ],
        "auc_img": 0.9175420168067228,
        "auc_pxl": 0.9610118230071505
    },
    "avg_auc_img": 0.935015117202491,
    "avg_auc_pxl": 0.9590502126172874,
    "misclassified": 180,
    "model_params": {
        "layers": [
            1
        ],
        "backbone": "google/vit-base-patch16-224-in21k",
        "f_coreset": 0.1
    },
    "metric": "euclidean"
}