{
    "bottle": {
        "cm": [
            [
                19,
                1
            ],
            [
                0,
                63
            ]
        ],
        "prfs": [
            0.984375,
            1.0,
            0.9921259842519685,
            null
        ],
        "auc": 0.9992063492063492
    },
    "cable": {
        "cm": [
            [
                52,
                6
            ],
            [
                6,
                86
            ]
        ],
        "prfs": [
            0.9347826086956522,
            0.9347826086956522,
            0.9347826086956522,
            null
        ],
        "auc": 0.967391304347826
    },
    "capsule": {
        "cm": [
            [
                8,
                15
            ],
            [
                0,
                109
            ]
        ],
        "prfs": [
            0.8790322580645161,
            1.0,
            0.9356223175965666,
            null
        ],
        "auc": 0.8966892700438771
    },
    "carpet": {
        "cm": [
            [
                25,
                3
            ],
            [
                8,
                81
            ]
        ],
        "prfs": [
            0.9642857142857143,
            0.9101123595505618,
            0.9364161849710982,
            null
        ],
        "auc": 0.9518459069020867
    },
    "grid": {
        "cm": [
            [
                20,
                1
            ],
            [
                2,
                55
            ]
        ],
        "prfs": [
            0.9821428571428571,
            0.9649122807017544,
            0.9734513274336283,
            null
        ],
        "auc": 0.9916457811194654
    },
    "hazelnut": {
        "cm": [
            [
                39,
                1
            ],
            [
                0,
                70
            ]
        ],
        "prfs": [
            0.9859154929577465,
            1.0,
            0.9929078014184397,
            null
        ],
        "auc": 0.9996428571428572
    },
    "leather": {
        "cm": [
            [
                32,
                0
            ],
            [
                0,
                92
            ]
        ],
        "prfs": [
            1.0,
            1.0,
            1.0,
            null
        ],
        "auc": 1.0
    },
    "metal_nut": {
        "cm": [
            [
                22,
                0
            ],
            [
                1,
                92
            ]
        ],
        "prfs": [
            1.0,
            0.989247311827957,
            0.9945945945945946,
            null
        ],
        "auc": 0.9975562072336266
    },
    "pill": {
        "cm": [
            [
                13,
                13
            ],
            [
                5,
                136
            ]
        ],
        "prfs": [
            0.912751677852349,
            0.9645390070921985,
            0.9379310344827586,
            null
        ],
        "auc": 0.9457174031642116
    },
    "screw": {
        "cm": [
            [
                21,
                20
            ],
            [
                8,
                111
            ]
        ],
        "prfs": [
            0.8473282442748091,
            0.9327731092436975,
            0.888,
            null
        ],
        "auc": 0.8214798114367698
    },
    "tile": {
        "cm": [
            [
                33,
                0
            ],
            [
                0,
                84
            ]
        ],
        "prfs": [
            1.0,
            1.0,
            1.0,
            null
        ],
        "auc": 1.0
    },
    "toothbrush": {
        "cm": [
            [
                9,
                3
            ],
            [
                0,
                30
            ]
        ],
        "prfs": [
            0.9090909090909091,
            1.0,
            0.9523809523809523,
            null
        ],
        "auc": 0.9194444444444445
    },
    "transistor": {
        "cm": [
            [
                58,
                2
            ],
            [
                3,
                37
            ]
        ],
        "prfs": [
            0.9487179487179487,
            0.925,
            0.9367088607594937,
            null
        ],
        "auc": 0.9920833333333333
    },
    "wood": {
        "cm": [
            [
                18,
                1
            ],
            [
                2,
                58
            ]
        ],
        "prfs": [
            0.9830508474576272,
            0.9666666666666667,
            0.9747899159663865,
            null
        ],
        "auc": 0.9850877192982457
    },
    "zipper": {
        "cm": [
            [
                22,
                10
            ],
            [
                5,
                114
            ]
        ],
        "prfs": [
            0.9193548387096774,
            0.957983193277311,
            0.9382716049382716,
            null
        ],
        "auc": 0.9233193277310925
    },
    "average": 0.9594073143602792,
    "misclassified": 116,
    "model_params": {
        "layers": [
            2
        ],
        "backbone": "google/vit-base-patch16-224-in21k",
        "f_coreset": 0.1
    }
}