{
    "bottle": {
        "cm": [
            [
                19,
                1
            ],
            [
                0,
                63
            ]
        ],
        "prfs": [
            0.984375,
            1.0,
            0.9921259842519685,
            null
        ],
        "auc": 0.9992063492063492
    },
    "cable": {
        "cm": [
            [
                41,
                17
            ],
            [
                14,
                78
            ]
        ],
        "prfs": [
            0.8210526315789474,
            0.8478260869565217,
            0.8342245989304813,
            null
        ],
        "auc": 0.8615067466266867
    },
    "capsule": {
        "cm": [
            [
                11,
                12
            ],
            [
                2,
                107
            ]
        ],
        "prfs": [
            0.8991596638655462,
            0.981651376146789,
            0.9385964912280702,
            null
        ],
        "auc": 0.8340646190666134
    },
    "carpet": {
        "cm": [
            [
                12,
                16
            ],
            [
                5,
                84
            ]
        ],
        "prfs": [
            0.84,
            0.9438202247191011,
            0.8888888888888888,
            null
        ],
        "auc": 0.8523274478330658
    },
    "grid": {
        "cm": [
            [
                19,
                2
            ],
            [
                2,
                55
            ]
        ],
        "prfs": [
            0.9649122807017544,
            0.9649122807017544,
            0.9649122807017544,
            null
        ],
        "auc": 0.9849624060150375
    },
    "hazelnut": {
        "cm": [
            [
                33,
                7
            ],
            [
                0,
                70
            ]
        ],
        "prfs": [
            0.9090909090909091,
            1.0,
            0.9523809523809523,
            null
        ],
        "auc": 0.9849999999999999
    },
    "leather": {
        "cm": [
            [
                32,
                0
            ],
            [
                0,
                92
            ]
        ],
        "prfs": [
            1.0,
            1.0,
            1.0,
            null
        ],
        "auc": 1.0
    },
    "metal_nut": {
        "cm": [
            [
                18,
                4
            ],
            [
                3,
                90
            ]
        ],
        "prfs": [
            0.9574468085106383,
            0.967741935483871,
            0.9625668449197861,
            null
        ],
        "auc": 0.9731182795698925
    },
    "pill": {
        "cm": [
            [
                9,
                17
            ],
            [
                2,
                139
            ]
        ],
        "prfs": [
            0.8910256410256411,
            0.9858156028368794,
            0.936026936026936,
            null
        ],
        "auc": 0.9143480632842335
    },
    "screw": {
        "cm": [
            [
                18,
                23
            ],
            [
                7,
                112
            ]
        ],
        "prfs": [
            0.8296296296296296,
            0.9411764705882353,
            0.8818897637795275,
            null
        ],
        "auc": 0.8427956548473049
    },
    "tile": {
        "cm": [
            [
                17,
                16
            ],
            [
                2,
                82
            ]
        ],
        "prfs": [
            0.8367346938775511,
            0.9761904761904762,
            0.9010989010989011,
            null
        ],
        "auc": 0.935064935064935
    },
    "toothbrush": {
        "cm": [
            [
                8,
                4
            ],
            [
                0,
                30
            ]
        ],
        "prfs": [
            0.8823529411764706,
            1.0,
            0.9375,
            null
        ],
        "auc": 0.9750000000000001
    },
    "transistor": {
        "cm": [
            [
                54,
                6
            ],
            [
                3,
                37
            ]
        ],
        "prfs": [
            0.8604651162790697,
            0.925,
            0.891566265060241,
            null
        ],
        "auc": 0.9558333333333333
    },
    "wood": {
        "cm": [
            [
                15,
                4
            ],
            [
                2,
                58
            ]
        ],
        "prfs": [
            0.9354838709677419,
            0.9666666666666667,
            0.9508196721311475,
            null
        ],
        "auc": 0.9675438596491228
    },
    "zipper": {
        "cm": [
            [
                20,
                12
            ],
            [
                0,
                119
            ]
        ],
        "prfs": [
            0.9083969465648855,
            1.0,
            0.952,
            null
        ],
        "auc": 0.9175420168067228
    }
}