{
    "bottle": {
        "cm": [
            [
                19,
                1
            ],
            [
                2,
                61
            ]
        ],
        "prfs": [
            0.9838709677419355,
            0.9682539682539683,
            0.976,
            null
        ],
        "auc": 0.9880952380952381
    },
    "cable": {
        "cm": [
            [
                0,
                58
            ],
            [
                0,
                92
            ]
        ],
        "prfs": [
            0.6133333333333333,
            1.0,
            0.7603305785123967,
            null
        ],
        "auc": 0.4769490254872564
    },
    "capsule": {
        "cm": [
            [
                8,
                15
            ],
            [
                1,
                108
            ]
        ],
        "prfs": [
            0.8780487804878049,
            0.9908256880733946,
            0.9310344827586207,
            null
        ],
        "auc": 0.8033506182688471
    },
    "carpet": {
        "cm": [
            [
                0,
                28
            ],
            [
                0,
                89
            ]
        ],
        "prfs": [
            0.7606837606837606,
            1.0,
            0.8640776699029126,
            null
        ],
        "auc": 0.5252808988764045
    },
    "grid": {
        "cm": [
            [
                16,
                5
            ],
            [
                4,
                53
            ]
        ],
        "prfs": [
            0.9137931034482759,
            0.9298245614035088,
            0.9217391304347826,
            null
        ],
        "auc": 0.9306599832915623
    },
    "hazelnut": {
        "cm": [
            [
                29,
                11
            ],
            [
                10,
                60
            ]
        ],
        "prfs": [
            0.8450704225352113,
            0.8571428571428571,
            0.851063829787234,
            null
        ],
        "auc": 0.8835714285714286
    },
    "leather": {
        "cm": [
            [
                2,
                30
            ],
            [
                1,
                91
            ]
        ],
        "prfs": [
            0.7520661157024794,
            0.9891304347826086,
            0.8544600938967136,
            null
        ],
        "auc": 0.7798913043478262
    },
    "metal_nut": {
        "cm": [
            [
                0,
                22
            ],
            [
                0,
                93
            ]
        ],
        "prfs": [
            0.808695652173913,
            1.0,
            0.8942307692307693,
            null
        ],
        "auc": 0.4423264907135875
    },
    "pill": {
        "cm": [
            [
                16,
                10
            ],
            [
                4,
                137
            ]
        ],
        "prfs": [
            0.9319727891156463,
            0.9716312056737588,
            0.9513888888888888,
            null
        ],
        "auc": 0.8987997817785051
    },
    "screw": {
        "cm": [
            [
                8,
                33
            ],
            [
                3,
                116
            ]
        ],
        "prfs": [
            0.7785234899328859,
            0.9747899159663865,
            0.8656716417910447,
            null
        ],
        "auc": 0.7167452346792376
    },
    "tile": {
        "cm": [
            [
                12,
                21
            ],
            [
                4,
                80
            ]
        ],
        "prfs": [
            0.7920792079207921,
            0.9523809523809523,
            0.8648648648648649,
            null
        ],
        "auc": 0.8109668109668109
    },
    "toothbrush": {
        "cm": [
            [
                10,
                2
            ],
            [
                2,
                28
            ]
        ],
        "prfs": [
            0.9333333333333333,
            0.9333333333333333,
            0.9333333333333333,
            null
        ],
        "auc": 0.9555555555555555
    },
    "transistor": {
        "cm": [
            [
                45,
                15
            ],
            [
                9,
                31
            ]
        ],
        "prfs": [
            0.6739130434782609,
            0.775,
            0.7209302325581395,
            null
        ],
        "auc": 0.7987500000000001
    },
    "wood": {
        "cm": [
            [
                13,
                6
            ],
            [
                2,
                58
            ]
        ],
        "prfs": [
            0.90625,
            0.9666666666666667,
            0.9354838709677419,
            null
        ],
        "auc": 0.95
    },
    "zipper": {
        "cm": [
            [
                26,
                6
            ],
            [
                1,
                118
            ]
        ],
        "prfs": [
            0.9516129032258065,
            0.9915966386554622,
            0.9711934156378601,
            null
        ],
        "auc": 0.9585084033613445
    },
    "average": 0.795,
    "misclassified": 306
}