{
    "bottle": {
        "cm": [
            [
                18,
                2
            ],
            [
                4,
                59
            ]
        ],
        "prfs": [
            0.9672131147540983,
            0.9365079365079365,
            0.9516129032258065,
            null
        ],
        "auc_img": 0.9793650793650794,
        "auc_pxl": 0.9687276308476419
    },
    "cable": {
        "cm": [
            [
                0,
                58
            ],
            [
                0,
                92
            ]
        ],
        "prfs": [
            0.6133333333333333,
            1.0,
            0.7603305785123967,
            null
        ],
        "auc_img": 0.4732008995502249,
        "auc_pxl": 0.7393160988031805
    },
    "capsule": {
        "cm": [
            [
                9,
                14
            ],
            [
                1,
                108
            ]
        ],
        "prfs": [
            0.8852459016393442,
            0.9908256880733946,
            0.935064935064935,
            null
        ],
        "auc_img": 0.79936178699641,
        "auc_pxl": 0.9117964072510787
    },
    "carpet": {
        "cm": [
            [
                0,
                28
            ],
            [
                0,
                89
            ]
        ],
        "prfs": [
            0.7606837606837606,
            1.0,
            0.8640776699029126,
            null
        ],
        "auc_img": 0.5517656500802568,
        "auc_pxl": 0.7951619299603939
    },
    "grid": {
        "cm": [
            [
                16,
                5
            ],
            [
                3,
                54
            ]
        ],
        "prfs": [
            0.9152542372881356,
            0.9473684210526315,
            0.9310344827586207,
            null
        ],
        "auc_img": 0.9423558897243107,
        "auc_pxl": 0.9551927103485953
    },
    "hazelnut": {
        "cm": [
            [
                16,
                24
            ],
            [
                1,
                69
            ]
        ],
        "prfs": [
            0.7419354838709677,
            0.9857142857142858,
            0.8466257668711656,
            null
        ],
        "auc_img": 0.8689285714285714,
        "auc_pxl": 0.9754180308038604
    },
    "leather": {
        "cm": [
            [
                3,
                29
            ],
            [
                0,
                92
            ]
        ],
        "prfs": [
            0.7603305785123967,
            1.0,
            0.863849765258216,
            null
        ],
        "auc_img": 0.7574728260869564,
        "auc_pxl": 0.9318674081326018
    },
    "metal_nut": {
        "cm": [
            [
                0,
                22
            ],
            [
                0,
                93
            ]
        ],
        "prfs": [
            0.808695652173913,
            1.0,
            0.8942307692307693,
            null
        ],
        "auc_img": 0.42717497556207235,
        "auc_pxl": 0.8496770853325254
    },
    "pill": {
        "cm": [
            [
                7,
                19
            ],
            [
                0,
                141
            ]
        ],
        "prfs": [
            0.88125,
            1.0,
            0.9368770764119602,
            null
        ],
        "auc_img": 0.8611565739225314,
        "auc_pxl": 0.9580514886092456
    },
    "screw": {
        "cm": [
            [
                9,
                32
            ],
            [
                3,
                116
            ]
        ],
        "prfs": [
            0.7837837837837838,
            0.9747899159663865,
            0.8689138576779026,
            null
        ],
        "auc_img": 0.7399057183849148,
        "auc_pxl": 0.9771615363314977
    },
    "tile": {
        "cm": [
            [
                3,
                30
            ],
            [
                0,
                84
            ]
        ],
        "prfs": [
            0.7368421052631579,
            1.0,
            0.8484848484848485,
            null
        ],
        "auc_img": 0.814935064935065,
        "auc_pxl": 0.7591270232080742
    },
    "toothbrush": {
        "cm": [
            [
                10,
                2
            ],
            [
                2,
                28
            ]
        ],
        "prfs": [
            0.9333333333333333,
            0.9333333333333333,
            0.9333333333333333,
            null
        ],
        "auc_img": 0.961111111111111,
        "auc_pxl": 0.9788839261666241
    },
    "transistor": {
        "cm": [
            [
                45,
                15
            ],
            [
                9,
                31
            ]
        ],
        "prfs": [
            0.6739130434782609,
            0.775,
            0.7209302325581395,
            null
        ],
        "auc_img": 0.7841666666666666,
        "auc_pxl": 0.8350218955046649
    },
    "wood": {
        "cm": [
            [
                14,
                5
            ],
            [
                3,
                57
            ]
        ],
        "prfs": [
            0.9193548387096774,
            0.95,
            0.9344262295081968,
            null
        ],
        "auc_img": 0.9464912280701754,
        "auc_pxl": 0.8995246786930151
    },
    "zipper": {
        "cm": [
            [
                26,
                6
            ],
            [
                1,
                118
            ]
        ],
        "prfs": [
            0.9516129032258065,
            0.9915966386554622,
            0.9711934156378601,
            null
        ],
        "auc_img": 0.9585084033613445,
        "auc_pxl": 0.9353758934774755
    },
    "avg_auc_img": 0.7910600296830459,
    "avg_auc_pxl": 0.8980202495646984,
    "misclassified": 318,
    "model_params": {
        "layers": [
            0
        ],
        "backbone": "google/vit-base-patch16-224-in21k",
        "f_coreset": 0.1
    },
    "metric": "euclidean"
}