{
    "bottle": {
        "cm": [
            [
                19,
                1
            ],
            [
                0,
                63
            ]
        ],
        "prfs": [
            0.984375,
            1.0,
            0.9921259842519685,
            null
        ],
        "auc_img": 0.9992063492063492,
        "auc_pxl": 0.9896219905172802
    },
    "cable": {
        "cm": [
            [
                55,
                3
            ],
            [
                5,
                87
            ]
        ],
        "prfs": [
            0.9666666666666667,
            0.9456521739130435,
            0.9560439560439561,
            null
        ],
        "auc_img": 0.9814467766116942,
        "auc_pxl": 0.976340849228182
    },
    "capsule": {
        "cm": [
            [
                9,
                14
            ],
            [
                0,
                109
            ]
        ],
        "prfs": [
            0.8861788617886179,
            1.0,
            0.9396551724137931,
            null
        ],
        "auc_img": 0.9146390107698444,
        "auc_pxl": 0.9264020132385581
    },
    "carpet": {
        "cm": [
            [
                26,
                2
            ],
            [
                6,
                83
            ]
        ],
        "prfs": [
            0.9764705882352941,
            0.9325842696629213,
            0.9540229885057471,
            null
        ],
        "auc_img": 0.9658908507223113,
        "auc_pxl": 0.9888156515362575
    },
    "grid": {
        "cm": [
            [
                20,
                1
            ],
            [
                4,
                53
            ]
        ],
        "prfs": [
            0.9814814814814815,
            0.9298245614035088,
            0.954954954954955,
            null
        ],
        "auc_img": 0.9816207184628237,
        "auc_pxl": 0.9735393054075944
    },
    "hazelnut": {
        "cm": [
            [
                40,
                0
            ],
            [
                0,
                70
            ]
        ],
        "prfs": [
            1.0,
            1.0,
            1.0,
            null
        ],
        "auc_img": 1.0,
        "auc_pxl": 0.9912085701218954
    },
    "leather": {
        "cm": [
            [
                32,
                0
            ],
            [
                0,
                92
            ]
        ],
        "prfs": [
            1.0,
            1.0,
            1.0,
            null
        ],
        "auc_img": 1.0,
        "auc_pxl": 0.9954067306945169
    },
    "metal_nut": {
        "cm": [
            [
                21,
                1
            ],
            [
                0,
                93
            ]
        ],
        "prfs": [
            0.9893617021276596,
            1.0,
            0.9946524064171123,
            null
        ],
        "auc_img": 1.0,
        "auc_pxl": 0.9708700970930527
    },
    "pill": {
        "cm": [
            [
                21,
                5
            ],
            [
                7,
                134
            ]
        ],
        "prfs": [
            0.9640287769784173,
            0.950354609929078,
            0.9571428571428572,
            null
        ],
        "auc_img": 0.9579923622476814,
        "auc_pxl": 0.9622337351428998
    },
    "screw": {
        "cm": [
            [
                26,
                15
            ],
            [
                11,
                108
            ]
        ],
        "prfs": [
            0.8780487804878049,
            0.907563025210084,
            0.8925619834710744,
            null
        ],
        "auc_img": 0.8138962902234065,
        "auc_pxl": 0.9413688939557956
    },
    "tile": {
        "cm": [
            [
                33,
                0
            ],
            [
                0,
                84
            ]
        ],
        "prfs": [
            1.0,
            1.0,
            1.0,
            null
        ],
        "auc_img": 1.0,
        "auc_pxl": 0.9685909687905261
    },
    "toothbrush": {
        "cm": [
            [
                9,
                3
            ],
            [
                0,
                30
            ]
        ],
        "prfs": [
            0.9090909090909091,
            1.0,
            0.9523809523809523,
            null
        ],
        "auc_img": 0.9083333333333333,
        "auc_pxl": 0.9873213986634077
    },
    "transistor": {
        "cm": [
            [
                55,
                5
            ],
            [
                0,
                40
            ]
        ],
        "prfs": [
            0.8888888888888888,
            1.0,
            0.9411764705882353,
            null
        ],
        "auc_img": 0.98875,
        "auc_pxl": 0.9593777505615473
    },
    "wood": {
        "cm": [
            [
                15,
                4
            ],
            [
                0,
                60
            ]
        ],
        "prfs": [
            0.9375,
            1.0,
            0.967741935483871,
            null
        ],
        "auc_img": 0.9850877192982457,
        "auc_pxl": 0.9697503800274923
    },
    "zipper": {
        "cm": [
            [
                23,
                9
            ],
            [
                0,
                119
            ]
        ],
        "prfs": [
            0.9296875,
            1.0,
            0.9635627530364372,
            null
        ],
        "auc_img": 0.9322478991596639,
        "auc_pxl": 0.9054180149897081
    },
    "avg_auc_img": 0.9619407540023569,
    "avg_auc_pxl": 0.9670844233312476,
    "misclassified": 96,
    "model_params": {
        "layers": [
            3
        ],
        "backbone": "google/vit-base-patch16-224-in21k",
        "f_coreset": 0.1
    },
    "metric": "euclidean"
}